publish_time,user_name1,user_name2
2021-12-02 16:04:00,1,今天有啥想bb的嚒
2021-12-02 16:06:00,1,十言LN
2021-12-02 16:10:00,1,是圆fufu的豆子呀
2021-12-02 16:12:00,1,微博运动潮品
2021-12-02 16:12:00,1,痴迷梦幻漂移
2021-12-02 16:12:00,1,体育新世界_18
2021-12-02 16:12:00,1,篮球记事簿
2021-12-02 16:12:00,1,篮星球
2021-12-02 16:12:00,1,体育场上的那些事
2021-12-02 16:12:00,1,时尚小白兔
2021-12-02 16:12:00,1,围观体坛
2021-12-02 16:12:00,1,完美运动家小湛
2021-12-02 16:12:00,1,时尚球服
2021-12-02 16:12:00,1,进击的篮球酱
2021-12-02 16:12:00,1,喝着咖啡看比赛
2021-12-02 16:12:00,1,微博体育
2021-12-02 16:12:00,1,鸣梁露梁
2021-12-02 16:12:00,1,逐梦体育圈
2021-12-02 16:12:00,1,体育圈bot
2021-12-02 16:12:00,1,尚九天览球
2021-12-02 16:14:00,微博篮球,我说我是个行者
2021-12-02 16:15:00,微博CBA,丁小葵啊
2021-12-02 16:15:00,咪咕篮球,-墨桃-
2021-12-02 16:18:00,微博CBA,-你怎么敢的呀
2021-12-02 16:21:00,1,辽宁男篮资讯
2021-12-02 16:25:00,辽宁男篮资讯,Yu_Simeng
2021-12-02 16:26:00,1,微博CBA
2021-12-02 16:26:00,辽宁男篮资讯,梦梦是三个土
2021-12-02 16:26:00,辽宁男篮资讯,微博CBA
2021-12-02 16:27:00,辽宁男篮资讯,爱柚u
2021-12-02 16:28:00,辽宁男篮资讯,好土豆胸怀似大海
2021-12-02 16:29:00,辽宁男篮资讯,Zxxx_心
2021-12-02 16:30:00,辽宁男篮资讯,陳晨橙iv
2021-12-02 16:30:00,辽宁男篮资讯,24岁的刘同
2021-12-02 16:31:00,辽宁男篮资讯,只是来看杨鸣的
2021-12-02 16:33:00,-你怎么敢的呀,咩包_
2021-12-02 16:33:00,1,糖果爱辽篮
2021-12-02 16:33:00,咪咕篮球,中国篮球
2021-12-02 16:34:00,辽宁男篮资讯,开拓视野破坏者
2021-12-02 16:34:00,好土豆胸怀似大海,易亦义丶
2021-12-02 16:35:00,辽宁男篮资讯,航行天下20100516
2021-12-02 16:36:00,辽宁男篮资讯,笔在心中
2021-12-02 16:36:00,丁小葵啊,hxnxhmxm_
2021-12-02 16:38:00,辽宁男篮资讯,是九只饺子
2021-12-02 16:39:00,1,头条校园
2021-12-02 16:39:00,1,Guarc2005
2021-12-02 16:40:00,辽宁男篮资讯,Guarc2005
2021-12-02 16:42:00,篮星球,laizhilanzhou
2021-12-02 16:42:00,辽宁男篮资讯,不勞而獲的快樂小富婆
2021-12-02 16:43:00,辽宁男篮资讯,突突突突你2017
2021-12-02 16:43:00,辽宁男篮资讯,我爱吃炒煤-Strawberry
2021-12-02 16:43:00,辽宁男篮资讯,爱吃腊肠荷兰豆
2021-12-02 16:43:00,好土豆胸怀似大海,好土豆胸怀似大海
2021-12-02 16:45:00,1,新浪体育
2021-12-02 16:45:00,1,幸临sun
2021-12-02 16:48:00,头条校园,吉林高考手机报
2021-12-02 16:49:00,新浪体育,MITSOU
2021-12-02 16:49:00,辽宁男篮资讯,要不还当优秀的狂野男孩吧
2021-12-02 16:50:00,1,五星体育
2021-12-02 16:51:00,辽宁男篮资讯,余生安允有幸
2021-12-02 16:52:00,1,大运频道
2021-12-02 16:52:00,辽宁男篮资讯,恒星618zxy
2021-12-02 16:58:00,辽宁男篮资讯,其实真的想活得明白一点
2021-12-02 17:01:00,辽宁男篮资讯,Ferry_皆非
2021-12-02 17:01:00,头条校园,笙箫彼岸1994
2021-12-02 17:02:00,新浪体育,阿信仰
2021-12-02 17:03:00,新浪体育,深情拥浮云
2021-12-02 17:07:00,1,企鹅体育
2021-12-02 17:07:00,新浪体育,车名山邱神
2021-12-02 17:08:00,微博CBA,卧倒的蓝色CathyZheng
2021-12-02 17:09:00,辽宁男篮资讯,活捉一只沙雕sensei
2021-12-02 17:11:00,企鹅体育,业余界的专业解说
2021-12-02 17:20:00,辽宁男篮资讯,_MissGu
2021-12-02 17:27:00,深情拥浮云,达达努力中
2021-12-02 17:28:00,辽宁男篮资讯,五盒养乐多
2021-12-02 17:29:00,辽宁男篮资讯,炙热PG
2021-12-02 17:30:00,辽宁男篮资讯,HotpoSatt
2021-12-02 17:31:00,辽宁男篮资讯,holdingbeauyyy101
2021-12-02 17:33:00,五星体育,巴笔Q了
2021-12-02 17:35:00,辽宁男篮资讯,ConfettiButterfly
2021-12-02 17:41:00,辽宁男篮资讯,annabelle甜尔
2021-12-02 17:46:00,1,洒金皮可乐按钮
2021-12-02 17:51:00,辽宁男篮资讯,奶油泡芙收藏家Y-Ming
2021-12-02 17:52:00,1,张浩zibet
2021-12-02 17:52:00,1,可爱的小喽啰
2021-12-02 17:53:00,辽宁男篮资讯,可爱的小喽啰
2021-12-02 17:54:00,辽宁男篮资讯,杨明君fighting
2021-12-02 17:55:00,可爱的小喽啰,Swearlove
2021-12-02 17:56:00,1,小饼加芥末
2021-12-02 17:59:00,Swearlove,可爱的小喽啰
2021-12-02 17:59:00,1,微博篮球
2021-12-02 18:05:00,辽宁男篮资讯,洋洋527527
2021-12-02 18:06:00,1,最耐赵睿
2021-12-02 18:07:00,辽宁男篮资讯,娜儿星await
2021-12-02 18:07:00,1,息薇cici
2021-12-02 18:08:00,1,花叶春木街_
2021-12-02 18:13:00,辽宁男篮资讯,冥冥之中非人类自身所能把握的
2021-12-02 18:14:00,咪咕篮球,喵呜呜呜么
2021-12-02 18:20:00,辽宁男篮资讯,苏诗嘉同学
2021-12-02 18:21:00,咪咕篮球,我大猫呢_
2021-12-02 18:22:00,咪咕篮球,杜邦阳
2021-12-02 18:25:00,辽宁男篮资讯,yang鸣宝儿
2021-12-02 18:28:00,辽宁男篮资讯,_________----------------9999
2021-12-02 18:28:00,辽宁男篮资讯,张_昊_
2021-12-02 18:30:00,辽宁男篮资讯,房钥地
2021-12-02 18:30:00,辽宁男篮资讯,慕子鲤
2021-12-02 18:30:00,辽宁男篮资讯,刘尚安啦
2021-12-02 18:31:00,辽宁男篮资讯,刘佳fighting
2021-12-02 18:31:00,WH-DayDayUp,WH-DayDayUp
2021-12-02 18:31:00,辽宁男篮资讯,WH-DayDayUp
2021-12-02 18:32:00,辽宁男篮资讯,咕咚东东ong
2021-12-02 18:33:00,辽宁男篮资讯,小啵少吃一口吧
2021-12-02 18:34:00,辽宁男篮资讯,喜欢邓庄庄嘛
2021-12-02 18:36:00,1,那就别再见了
2021-12-02 18:37:00,1,校园八卦
2021-12-02 18:40:00,辽宁男篮资讯,鹿宝剑1992
2021-12-02 18:40:00,辽宁男篮资讯,kilig-7998
2021-12-02 18:43:00,辽宁男篮资讯,喵大王没有猫
2021-12-02 18:45:00,1,辽篮锦州球迷会
2021-12-02 18:45:00,辽宁男篮资讯,Thanksiscity
2021-12-02 18:46:00,辽宁男篮资讯,幸运喷雾每天加持的小yu
2021-12-02 18:48:00,辽宁男篮资讯,我当然是最好的
2021-12-02 18:48:00,1,我当然是最好的
2021-12-02 18:50:00,1,直播吧篮球
2021-12-02 18:52:00,辽宁男篮资讯,是硕士研究生萁
2021-12-02 18:52:00,辽宁男篮资讯,朴旻月1013
2021-12-02 18:54:00,辽宁男篮资讯,不誤正業拓荒6324557965
2021-12-02 18:54:00,辽宁男篮资讯,不改昵称·
2021-12-02 18:56:00,辽宁男篮资讯,金神病有大痣
2021-12-02 19:01:00,辽篮锦州球迷会,就到这里了886
2021-12-02 19:01:00,辽宁男篮资讯,你恐龙大哥不困
2021-12-02 19:05:00,辽宁男篮资讯,今天吃饱儿了么
2021-12-02 19:06:00,辽宁男篮资讯,ULTRA哒LOVE
2021-12-02 19:10:00,辽宁男篮资讯,不是山谷1004
2021-12-02 19:10:00,辽宁男篮资讯,小博0924
2021-12-02 19:12:00,辽宁男篮资讯,酸菜丝小漾吖
2021-12-02 19:14:00,辽宁男篮资讯,OHOYGYJ
2021-12-02 19:15:00,微博CBA,何处无歌H
2021-12-02 19:18:00,辽宁男篮资讯,Tangffzz
2021-12-02 19:20:00,就到这里了886,辽篮锦州球迷会
2021-12-02 19:23:00,辽宁男篮资讯,ZhangHm_946
2021-12-02 19:24:00,辽宁男篮资讯,早睡早起的h同学
2021-12-02 19:24:00,1,浪仔1111
2021-12-02 19:25:00,1,空白__ZJ
2021-12-02 19:28:00,何处无歌H,小奋斗还不奋斗
2021-12-02 19:28:00,辽宁男篮资讯,瓦卡小瓦
2021-12-02 19:28:00,辽宁男篮资讯,谁还叫张奥
2021-12-02 19:29:00,辽宁男篮资讯,明明明明就1991
2021-12-02 19:30:00,辽宁男篮资讯,今日又是苦命挣扎的zz
2021-12-02 19:30:00,咪咕篮球,黑椒肥牛不加饭
2021-12-02 19:33:00,辽宁男篮资讯,望鹤归林
2021-12-02 19:35:00,辽宁男篮资讯,梁芊予
2021-12-02 19:36:00,辽宁男篮资讯,大螃蟹横着呢
2021-12-02 19:36:00,1,NataliePortkuai
2021-12-02 19:36:00,辽宁男篮资讯,NataliePortkuai
2021-12-02 19:37:00,辽宁男篮资讯,谁家的小九123
2021-12-02 19:38:00,辽宁男篮资讯,无敌小飝尨
2021-12-02 19:40:00,辽宁男篮资讯,从此DC339
2021-12-02 19:42:00,辽宁男篮资讯,is大静
2021-12-02 19:43:00,辽宁男篮资讯,Sissi高雨含
2021-12-02 19:43:00,辽宁男篮资讯,赵姝婷r
2021-12-02 19:44:00,辽宁男篮资讯,笨蛋狗狗酱
2021-12-02 19:48:00,辽宁男篮资讯,JAME戴
2021-12-02 19:52:00,辽宁男篮资讯,喵小琪的喵喵
2021-12-02 19:53:00,辽宁男篮资讯,小谢同志在考证
2021-12-02 19:53:00,辽宁男篮资讯,胖杏红的陈小兔
2021-12-02 19:53:00,1,辽宁高校资讯
2021-12-02 19:53:00,咪咕篮球,杨只羊12
2021-12-02 19:54:00,辽宁男篮资讯,Barbed_garbage
2021-12-02 19:55:00,辽宁男篮资讯,Zhi_HCL胡成路
2021-12-02 19:57:00,咪咕篮球,超级大源源
2021-12-02 19:58:00,辽宁男篮资讯,眉眼如初兮
2021-12-02 19:58:00,辽宁男篮资讯,桉木呐mua
2021-12-02 20:00:00,辽宁男篮资讯,吃不到海底捞就发疯
2021-12-02 20:03:00,辽宁男篮资讯,低调的科神
2021-12-02 20:04:00,辽宁男篮资讯,只想安安静静的做个水果控
2021-12-02 20:04:00,辽宁男篮资讯,N木南nan
2021-12-02 20:04:00,辽宁男篮资讯,一肩之隔擦心而过
2021-12-02 20:05:00,辽宁男篮资讯,BREEBAI要幸运啊白白白
2021-12-02 20:06:00,辽宁男篮资讯,是小黑兔奶糖呀
2021-12-02 20:14:00,辽宁男篮资讯,-蜜桃乌龙金凤梨
2021-12-02 20:15:00,辽宁男篮资讯,小嘉就是胖嘉
2021-12-02 20:16:00,辽宁男篮资讯,xiYming
2021-12-02 20:18:00,榴莲绵绵冰i,榴莲绵绵冰i
2021-12-02 20:18:00,辽宁男篮资讯,榴莲绵绵冰i
2021-12-02 20:21:00,辽宁男篮资讯,岁月清语
2021-12-02 20:21:00,1,SYDL彤吖
2021-12-02 20:21:00,辽宁男篮资讯,SYDL彤吖
2021-12-02 20:30:00,辽宁男篮资讯,Kilig_wyb
2021-12-02 20:31:00,辽宁男篮资讯,89757ME
2021-12-02 20:31:00,辽宁男篮资讯,熊猫fa果赖
2021-12-02 20:35:00,辽宁男篮资讯,沐桐芷梦
2021-12-02 20:38:00,1,篮球微动态
2021-12-02 20:39:00,辽宁男篮资讯,zy750907
2021-12-02 20:40:00,辽宁男篮资讯,权大佬的综艺粉
2021-12-02 20:43:00,辽宁男篮资讯,我心态崩了你呢
2021-12-02 20:44:00,权大佬的综艺粉,WANG欢欢欢欢欢欢
2021-12-02 20:46:00,辽宁男篮资讯,来一口桃味汽水o
2021-12-02 20:47:00,辽宁男篮资讯,脱发小魔仙
2021-12-02 20:49:00,辽宁男篮资讯,赵赵赵赵赵赵姨妈
2021-12-02 20:50:00,杜邦阳,海棠一朵又一朵
2021-12-02 20:51:00,辽宁男篮资讯,猫咪出逃日记_one
2021-12-02 20:51:00,辽宁男篮资讯,李萌呆呆
2021-12-02 20:53:00,1,王贰狗-
2021-12-02 20:55:00,Swearlove,人在塔在图图
2021-12-02 20:59:00,1,家在光启市
2021-12-02 21:00:00,辽宁男篮资讯,麻烦_帮我多加辣
2021-12-02 21:02:00,辽宁男篮资讯,WYSIWYD
2021-12-02 21:02:00,是硕士研究生萁,字母调整了顺序我就不认识了
2021-12-02 21:08:00,1,长不大的小可爱12
2021-12-02 21:09:00,吃不到海底捞就发疯,奶盖小雯ovo
2021-12-02 21:09:00,辽宁男篮资讯,_Q_uella
2021-12-02 21:13:00,吃不到海底捞就发疯,吃不到海底捞就发疯
2021-12-02 21:16:00,辽宁男篮资讯,反派呆呆
2021-12-02 21:28:00,1,杨小晨pc
2021-12-02 21:28:00,1,用户5693411896
2021-12-02 21:32:00,辽宁男篮资讯,冥冥之中会是你
2021-12-02 21:32:00,只是来看杨鸣的,辰恫
2021-12-02 21:33:00,1,谁家的小九123
2021-12-02 21:38:00,辽宁男篮资讯,爱小杨爱辽篮
2021-12-02 21:40:00,辽宁男篮资讯,风有点大我听不清_
2021-12-02 21:47:00,辽宁男篮资讯,小鱼在飞舞
2021-12-02 21:47:00,业余界的专业解说,企鹅体育
2021-12-02 21:47:00,辽宁男篮资讯,Skyyi-
2021-12-02 21:49:00,辽宁男篮资讯,人间漫游家-9
2021-12-02 21:53:00,辽宁男篮资讯,hx1970617
2021-12-02 22:01:00,辽宁男篮资讯,超超超音速
2021-12-02 22:01:00,咪咕篮球,苜蓿地盘
2021-12-02 22:03:00,只是来看杨鸣的,珍泥玛·士多
2021-12-02 22:04:00,辽宁男篮资讯,春雨泡咖啡
2021-12-02 22:06:00,只是来看杨鸣的,彳余seeu_13
2021-12-02 22:07:00,校园八卦,月老肖大姐
2021-12-02 22:12:00,辽宁男篮资讯,斯猫儿管
2021-12-02 22:15:00,辽宁男篮资讯,橘了吧唧的奶昔
2021-12-02 22:20:00,1,-王小欠属羊
2021-12-02 22:22:00,辽宁男篮资讯,夏未尽的花已落
2021-12-02 22:22:00,辽宁男篮资讯,BornInnight_
2021-12-02 22:23:00,辽宁男篮资讯,磨盘阿怡
2021-12-02 22:24:00,围观体坛,一个橙色小方块fang-
2021-12-02 22:27:00,辽宁男篮资讯,橘子吗在吗Cora
2021-12-02 22:29:00,只是来看杨鸣的,Kissnilucky
2021-12-02 22:37:00,辽宁男篮资讯,海底一公里1
2021-12-02 22:38:00,辽宁男篮资讯,橘子和胡萝卜
2021-12-02 22:39:00,1,BSy工作室
2021-12-02 22:41:00,1,张小二的小辫子
2021-12-02 22:44:00,辽宁男篮资讯,皮皮PIPPO
2021-12-02 22:49:00,深情拥浮云,深情拥浮云
2021-12-02 22:50:00,辽宁男篮资讯,祝诗宇777
2021-12-02 22:55:00,辽宁男篮资讯,敬夷陵老祖
2021-12-02 22:56:00,微博篮球,圆周率之父
2021-12-02 22:56:00,1,圆周率之父
2021-12-02 22:58:00,笨蛋狗狗酱,泥you柿莓柿
2021-12-02 22:58:00,1,是昭不是绍__
2021-12-02 22:58:00,辽宁男篮资讯,努力不掉队_变富婆
2021-12-02 23:00:00,1,CBA最前沿
2021-12-02 23:00:00,咪咕篮球,鱼鳄yu妹妹
2021-12-02 23:02:00,BSy工作室,偲_Limenga
2021-12-02 23:03:00,偲_Limenga,偲_Limenga
2021-12-02 23:06:00,辽宁男篮资讯,追月人是自由人_
2021-12-02 23:09:00,是昭不是绍__,迪宝来杯蜂蜜水
2021-12-02 23:11:00,辽宁男篮资讯,Queenie_LikQ
2021-12-02 23:11:00,1,Queenie_LikQ
2021-12-02 23:12:00,Queenie_LikQ,Queenie_LikQ
2021-12-02 23:13:00,辽宁男篮资讯,榴莲酥er
2021-12-02 23:15:00,迪宝来杯蜂蜜水,是昭不是绍__
2021-12-02 23:26:00,辽宁男篮资讯,想穿女装
2021-12-02 23:26:00,辽宁男篮资讯,爱扎丸子头滴吃货
2021-12-02 23:29:00,辽宁男篮资讯,柚稚鬼_struggle
2021-12-02 23:30:00,咪咕篮球,世界那么大1227
2021-12-02 23:30:00,1,咪咕篮球
2021-12-02 23:35:00,Queenie_LikQ,柔焦在瞳孔躺的陶百
2021-12-02 23:35:00,辽宁男篮资讯,我吃定你了
2021-12-02 23:36:00,1,WeSky000
2021-12-02 23:36:00,辽宁男篮资讯,WeSky000
2021-12-02 23:40:00,辽宁男篮资讯,收集本仙女心情的彩虹布兜儿
2021-12-02 23:46:00,CBA最前沿,怪得不可呢
2021-12-02 23:48:00,1,wyyy荻
2021-12-02 23:48:00,咪咕篮球,不知道吃啥wa
2021-12-02 23:53:00,洒金皮可乐按钮,XJLuna
2021-12-02 23:53:00,辽宁男篮资讯,Mia心想事成
2021-12-02 23:56:00,辽宁男篮资讯,留下来值日
2021-12-03 00:03:00,OHOYGYJ,HCY傩送二老
2021-12-03 00:05:00,辽宁男篮资讯,小胡子陸bebe
2021-12-03 00:06:00,is大静,还是半颗牙呀
2021-12-03 00:10:00,1,东北幽默菌
2021-12-03 00:12:00,咪咕篮球,落与成泉
2021-12-03 00:12:00,咪咕篮球,附身鲸鱼
2021-12-03 00:13:00,辽宁男篮资讯,更换达咩
2021-12-03 00:14:00,-王小欠属羊,HolaEC
2021-12-03 00:42:00,辽宁男篮资讯,JKVMxiner
2021-12-03 01:01:00,咪咕篮球,Cutee_金金
2021-12-03 01:02:00,辽宁男篮资讯,KimBenBo
2021-12-03 01:52:00,辽宁男篮资讯,清欢miracle
2021-12-03 02:58:00,辽宁男篮资讯,錵開落幕Lucky
2021-12-03 06:30:00,咪咕篮球,陳晨橙iv
2021-12-03 06:52:00,辽宁男篮资讯,奥数班重点培养对象
2021-12-03 06:56:00,我大猫呢_,小琳要做小神仙
2021-12-03 07:00:00,Swearlove,Swearlove
2021-12-03 07:01:00,辽宁男篮资讯,风滚草之仔
2021-12-03 07:16:00,辽宁男篮资讯,Fingal_Maverick
2021-12-03 07:19:00,Zhi_HCL胡成路,seanchan1
2021-12-03 07:25:00,是昭不是绍__,还不学习在等什么啊啊
2021-12-03 07:33:00,辽宁男篮资讯,臭鱼酱啊
2021-12-03 07:34:00,深情拥浮云,小羊超拽的
2021-12-03 07:37:00,辽宁男篮资讯,你我山巅自相逢1001
2021-12-03 07:40:00,辽宁男篮资讯,赤赤mango
2021-12-03 07:45:00,1,KarenPrewett369
2021-12-03 07:47:00,辽宁男篮资讯,快乐牛奶仔Leo
2021-12-03 07:54:00,偲_Limenga,BSy工作室
2021-12-03 08:00:00,XJLuna,洒金皮可乐按钮
2021-12-03 08:10:00,1,东北大学de丁老师
2021-12-03 08:18:00,辽宁男篮资讯,出门右转i
2021-12-03 08:27:00,1,土豆炖牛肉D
2021-12-03 08:30:00,1,大榕树在运动
2021-12-03 08:39:00,辽宁男篮资讯,小和尚piupiupiu
2021-12-03 09:06:00,辽宁男篮资讯,李李李李李李李疯狂
2021-12-03 09:11:00,辽宁男篮资讯,我爱孟天舒哇
2021-12-03 09:12:00,1,雪碧小狗x
2021-12-03 09:19:00,辽宁男篮资讯,木然Tz
2021-12-03 09:26:00,辽宁男篮资讯,候城金泫雅
2021-12-03 09:44:00,微博CBA,1515167了
2021-12-03 09:46:00,辽宁男篮资讯,快乐小天才_滙
2021-12-03 09:48:00,辽宁男篮资讯,Christina_JI_湫_Lin
2021-12-03 09:58:00,辽宁男篮资讯,yum12
2021-12-03 10:00:00,1,篮球巴士
2021-12-03 10:04:00,李李李李李李李疯狂,LL不吃胡萝卜o
2021-12-03 10:06:00,辽宁男篮资讯,sssssherrymoon_you
2021-12-03 10:17:00,小博0924,迪迪迪迪迪仔1201
2021-12-03 10:19:00,辽宁男篮资讯,-芋泥巧乐兹
2021-12-03 10:28:00,Queenie_LikQ,消失的H女士
2021-12-03 10:39:00,只是来看杨鸣的,消失的H女士
2021-12-03 10:54:00,辽宁男篮资讯,辽宁校园男神
2021-12-03 10:56:00,辽宁男篮资讯,朝阳吃橘群众
2021-12-03 10:57:00,辽宁男篮资讯,Eva-历劫中
2021-12-03 11:09:00,辽宁男篮资讯,早安亦是告白
2021-12-03 11:32:00,辽宁男篮资讯,LcCKKs
2021-12-03 11:38:00,辽宁男篮资讯,和张小厚一起吃过屎以前的号
2021-12-03 12:04:00,辽宁男篮资讯,whis2hosh1_
2021-12-03 12:08:00,1,爱吃糖的巧克力唔
2021-12-03 12:09:00,1,呆萌的溜溜球
2021-12-03 12:28:00,咪咕篮球,孔哆啦
2021-12-03 12:31:00,辽宁男篮资讯,小周吃香菜
2021-12-03 12:35:00,Zhi_HCL胡成路,Zhi_HCL胡成路
2021-12-03 12:38:00,1,在皖大学生
2021-12-03 12:46:00,笙箫彼岸1994,爱做梦的丹丹_kkw_zsw
2021-12-03 12:49:00,辽宁男篮资讯,theQ1ll
2021-12-03 12:50:00,辽宁男篮资讯,CcCcCcYy___icon
2021-12-03 13:18:00,是昭不是绍__,守护星星的大橘
2021-12-03 13:23:00,辽宁男篮资讯,小马驹kkbw
2021-12-03 13:45:00,辽宁男篮资讯,十二点十五分misszhi
2021-12-03 13:49:00,辽宁男篮资讯,喜欢大黄金
2021-12-03 14:45:00,辽宁男篮资讯,树懒八块腹肌
2021-12-03 15:02:00,辽宁男篮资讯,是可爱的小懒懒公主啊
2021-12-03 15:19:00,辽宁男篮资讯,跑不过去的昼夜
2021-12-03 15:39:00,辽宁男篮资讯,一朵山茶花开在年糕里
2021-12-03 15:40:00,王贰狗-,小滕变有钱
2021-12-03 16:43:00,1,芷-Blanche
2021-12-03 16:47:00,whis2hosh1_,zeexl_
2021-12-03 16:58:00,辽宁男篮资讯,潇婷super鸣
2021-12-03 17:00:00,辽宁男篮资讯,流浪的九条命
2021-12-03 17:02:00,十二点十五分misszhi,铜元局_
2021-12-03 17:09:00,辽宁男篮资讯,艾伦别骑摩托车
2021-12-03 17:21:00,家在光启市,淇淇的果果kiwifruit
2021-12-03 17:49:00,东北大学de丁老师,双山6407100951
2021-12-03 17:59:00,辽宁男篮资讯,是十一的阿May
2021-12-03 18:03:00,只是来看杨鸣的,只是来看杨鸣的
2021-12-03 18:23:00,BSy工作室,Bunny_萝卜
2021-12-03 18:50:00,辽宁男篮资讯,淑悦668
2021-12-03 19:21:00,BSy工作室,Wyaya呀
2021-12-03 21:12:00,树懒八块腹肌,玛丽莲梦众
2021-12-03 21:28:00,校园八卦,邹子御
2021-12-03 21:54:00,树懒八块腹肌,树懒八块腹肌
2021-12-03 21:57:00,辽宁男篮资讯,ta姓杨12
2021-12-03 22:12:00,辽宁男篮资讯,皮皮的读博之旅
2021-12-03 22:43:00,辽宁男篮资讯,扬名立万一鸣惊人
2021-12-03 22:48:00,CBA最前沿,春雨泡咖啡
2021-12-03 23:35:00,杜邦阳,通辽可汗帝国保安司令官
2021-12-04 02:17:00,1,阿布隆尼
2021-12-04 04:01:00,1,弓长竹紫
2021-12-04 06:28:00,1,你逆
2021-12-04 08:04:00,篮球巴士,葡萄味_真知棒
2021-12-04 08:13:00,1,用户6262333282
2021-12-04 09:49:00,BSy工作室,蔓蔓Sunday
2021-12-04 13:23:00,Bunny_萝卜,BSy工作室
2021-12-04 15:47:00,咪咕篮球,这是一个优秀的微博id
2021-12-04 15:54:00,辽宁男篮资讯,小民民民哥
2021-12-04 17:36:00,一个橙色小方块fang-,Jopery_
2021-12-04 19:36:00,辽宁男篮资讯,太阳下的Nicole23
2021-12-04 23:30:00,辽宁男篮资讯,yyym-12
2021-12-05 12:10:00,1,澎湃新闻
2021-12-05 12:17:00,澎湃新闻,警报未解除
2021-12-05 12:56:00,澎湃新闻,微博股票直播
2021-12-05 13:18:00,澎湃新闻,院子里的流浪猫
2021-12-05 15:49:00,澎湃新闻,檀檀檀-多多
2021-12-05 16:11:00,澎湃新闻,jinlizhu199301
2021-12-05 18:19:00,澎湃新闻,闵行梅陇镇
2021-12-05 19:04:00,辽宁男篮资讯,胡萝卜吃兔兔
2021-12-05 19:43:00,卫平布莱恩特-,Raob丶
2021-12-05 19:45:00,卫平布莱恩特-,荆门万达影城
2021-12-05 19:47:00,卫平布莱恩特-,MambaK8
2021-12-05 19:48:00,卫平布莱恩特-,AKAForeverMamba-
2021-12-05 19:48:00,卫平布莱恩特-,一枚柚子酱cc
2021-12-05 19:53:00,1,暧心人士
2021-12-05 20:08:00,1,我在西安上学
2021-12-05 20:35:00,1,泉州那些事儿
2021-12-05 20:42:00,暧心人士,13滚滚红尘14
2021-12-05 21:01:00,1,缤锋评论
2021-12-05 21:28:00,1,酒巷诗行长
2021-12-05 21:47:00,1,火星跑步者
2021-12-05 21:47:00,卫平布莱恩特-,sj吖
2021-12-05 21:53:00,1,营口身边事
2021-12-05 22:10:00,1,背上相机去远方
2021-12-05 22:11:00,背上相机去远方,卜十读书
2021-12-05 22:11:00,背上相机去远方,秋名山小芸
2021-12-05 22:11:00,背上相机去远方,sSYyJjAw
2021-12-05 22:11:00,背上相机去远方,南瓜不甜呀
2021-12-05 22:14:00,背上相机去远方,杈烦汉域钩
2021-12-05 22:22:00,背上相机去远方,背上相机去远方
2021-12-05 22:28:00,1,价值投资日志
2021-12-05 22:55:00,1,银企鹊桥
2021-12-05 22:59:00,卫平布莱恩特-,走走停停逛逛
2021-12-05 23:04:00,1,爱踢学妹
2021-12-05 23:13:00,1,民宿说说
2021-12-05 23:56:00,辽宁男篮资讯,一只肥娇i
2021-12-06 00:08:00,William-阿亮,内涵澷画
2021-12-06 00:22:00,澎湃新闻,tim61253
2021-12-06 00:43:00,William-阿亮,不老糊涂
2021-12-06 01:10:00,1,卫平布莱恩特-
2021-12-06 01:11:00,卫平布莱恩特-,开黑联盟官微
2021-12-06 01:21:00,卫平布莱恩特-,是二抽呀
2021-12-06 01:26:00,William-阿亮,月光的眼泪1314
2021-12-06 04:05:00,卫平布莱恩特-,真-纵横鹿角
2021-12-06 05:40:00,1,德小州
2021-12-06 05:40:00,1,久鬼
2021-12-06 05:40:00,1,偶像侦探
2021-12-06 05:40:00,1,用户5158106713
2021-12-06 05:40:00,1,生活小观众
2021-12-06 05:59:00,卫平布莱恩特-,canjian29
2021-12-06 06:40:00,1,作家李召军
2021-12-06 06:55:00,1,酒仙dongdong
2021-12-06 06:58:00,月光的眼泪1314,William-阿亮
2021-12-06 07:21:00,William-阿亮,聚笑话
2021-12-06 07:37:00,1,曹胖莹
2021-12-06 07:37:00,1,爱拍车的Tiger
2021-12-06 07:40:00,1,William-阿亮
2021-12-06 07:48:00,1,时尚礼仪顾问
2021-12-06 08:30:00,1,子衿视频
2021-12-06 08:33:00,缤锋评论,霜城雪2017
2021-12-06 08:40:00,人脉爸爸,漠宏庵
2021-12-06 08:46:00,漠宏庵,雨香婷
2021-12-06 08:46:00,漠宏庵,王安珍666
2021-12-06 08:49:00,1,居家财女
2021-12-06 08:49:00,1,沙雕语录
2021-12-06 08:49:00,1,互联网传播客
2021-12-06 08:49:00,1,赵树红
2021-12-06 08:49:00,1,创业者商道
2021-12-06 08:49:00,1,尛刚理财
2021-12-06 08:49:00,1,娱乐传媒掌门人
2021-12-06 08:54:00,雨香婷,漠宏庵
2021-12-06 10:27:00,漠宏庵,佛丽缘
2021-12-06 11:20:00,William-阿亮,白报纸巾盒
2021-12-06 11:27:00,缤锋评论,黑夜问白天_ng
2021-12-06 17:17:00,酒巷诗行长,小王莫生气
2021-12-06 18:25:00,东北大学de丁老师,爱画画的灰灰哥
2021-12-06 18:25:00,1,爱画画的灰灰哥
2021-12-07 07:32:00,校园八卦,李斯文吖吖吖
2021-12-07 07:39:00,时尚礼仪顾问,橄榄201901
2021-12-07 07:55:00,时尚礼仪顾问,鼓浪屿的一只猫w
2021-12-07 08:39:00,辽宁男篮资讯,顺顺李李Ashely
2021-12-07 10:06:00,顺顺李李Ashely,Trakinas_
2021-12-07 10:34:00,漠宏庵,人脉爸爸
2021-12-07 10:53:00,1,漠宏庵
2021-12-07 10:55:00,漠宏庵,梦里沙洲
2021-12-07 12:05:00,时尚礼仪顾问,内鸿院工程管理系21工程2班
2021-12-07 12:21:00,佛丽缘,漠宏庵
2021-12-07 12:57:00,漠宏庵,我为瑜音狂
2021-12-07 13:14:00,漠宏庵,爱上瑜氏音
2021-12-07 13:48:00,王安珍666,漠宏庵
2021-12-07 14:21:00,爱上瑜氏音,漠宏庵
2021-12-07 15:51:00,漠宏庵,亦亦是亦亦
2021-12-07 17:09:00,辽宁男篮资讯,SpencerStudy
2021-12-07 17:28:00,漠宏庵,李小安0626
2021-12-07 17:53:00,漠宏庵,青枫-明月
2021-12-07 19:20:00,漠宏庵,若一刀bett
2021-12-07 19:46:00,青枫-明月,漠宏庵
2021-12-08 07:50:00,时尚礼仪顾问,栩许如生
2021-12-08 22:15:00,辽宁男篮资讯,你肚子里装的是什么呀
2021-12-08 22:22:00,你肚子里装的是什么呀,是Paga不是拉达
2021-12-08 22:30:00,William-阿亮,Scarlett_susan_love
2021-12-09 07:37:00,时尚礼仪顾问,时尚礼仪顾问
2021-12-09 07:43:00,时尚礼仪顾问,尘缘情话
2021-12-09 09:52:00,卫平布莱恩特-,小樱桃baby成长记
2021-12-09 20:04:00,时尚礼仪顾问,素年盛放的安然
2021-12-10 01:16:00,篮球微动态,御荐
2021-12-19 19:03:00,卫平布莱恩特-,木昜口鸟
2021-12-20 22:07:00,卫平布莱恩特-,牙擦苏爱Yakult
